## NULL 값 비교 및 대체(IFNULL, ISNULL)

**IFNULL(a, b)** 는 a가 NULL 이면 b로 반환해준다. 만약 NULL이 아니면 0(false)을 반환한다. 

**ISNULL(a)**은 a가 NULL이면 1(true) 아니면 0(false)를 반환해준다.

```sql
mysql> SELECT IFNULL(NULL, 10);
+------------------+
| IFNULL(NULL, 10) |
+------------------+
|               10 |
+------------------+
1 row in set (0.00 sec)

mysql> SELECT IFNULL(0, 1);
+--------------+
| IFNULL(0, 1) |
+--------------+
|            0 |
+--------------+
1 row in set (0.00 sec)

mysql> SELECT ISNULL(0);
+-----------+
| ISNULL(0) |
+-----------+
|         0 |
+-----------+
1 row in set (0.00 sec)
```

## SYSDATE 보다는 NOW

두 함수 모두 현재 시간을 반환하는 함수이다. 하지만 **NOW() 는 SQL에서 모든 NOW() 함수는 같은 값을 가지지만 SYSDATE() 는 하나의 SQL 내에서도 호출되는 시점에 따라 달라진다**.

```sql
mysql> SELECT NOW(), SLEEP(2), NOW();
+---------------------+----------+---------------------+
| NOW()               | SLEEP(2) | NOW()               |
+---------------------+----------+---------------------+
| 2023-09-09 10:21:**39** |        0 | 2023-09-09 10:21:**39** |
+---------------------+----------+---------------------+
1 row in set (2.02 sec)

mysql> SELECT NOW(), SLEEP(2), SYSDATE();
+---------------------+----------+---------------------+
| NOW()               | SLEEP(2) | SYSDATE()           |
+---------------------+----------+---------------------+
| 2023-09-09 10:21:**48** |        0 | 2023-09-09 10:21:**50** |
+---------------------+----------+---------------------+
1 row in set (2.01 sec)
```

잘 보면 NOW() 는 시간이 동일한데 반해 SYSDATE()는 시간이 다르다. 실제 실행되는 시간을 기점으로 넣어주기 때문인데. 이 특성이 무엇이 문제일까?

- **SYSDATE() 함수가 사용된 SQL은 레플리카 서버에서 안정적으로 복제되지 못한다.**
- **SYSDATE() 함수와 비교되는 칼럼은 인덱스를 효율적으로 사용하지 못한다.**

```sql
mysql> EXPLAIN SELECT emp_no, salary, from_date, to_date FROM salaries WHERE emp_no=10001 AND from_date > NOW();
+----+-------------+----------+------------+-------+---------------+---------+---------+------+------+----------+-------------+
| id | select_type | table    | partitions | type  | possible_keys | key     | key_len | ref  | rows | filtered | Extra       |
+----+-------------+----------+------------+-------+---------------+---------+---------+------+------+----------+-------------+
|  1 | SIMPLE      | salaries | NULL       | **range** | PRIMARY       | PRIMARY | **7**       | NULL |    **1** |   100.00 | Using where |
+----+-------------+----------+------------+-------+---------------+---------+---------+------+------+----------+-------------+
1 row in set, 1 warning (0.01 sec)

mysql>
mysql> EXPLAIN SELECT emp_no, salary, from_date, to_date FROM salaries WHERE emp_no=10001 AND from_date > SYSDATE();
+----+-------------+----------+------------+------+---------------+---------+---------+-------+------+----------+-------------+
| id | select_type | table    | partitions | type | possible_keys | key     | key_len | ref   | rows | filtered | Extra       |
+----+-------------+----------+------------+------+---------------+---------+---------+-------+------+----------+-------------+
|  1 | SIMPLE      | salaries | NULL       | **ref**  | PRIMARY       | PRIMARY | **4**       | const |   **17** |    33.33 | Using where |
+----+-------------+----------+------------+------+---------------+---------+---------+-------+------+----------+-------------+
1 row in set, 1 warning (0.00 sec)
```

첫 번째 쿼리는 emp_no, from_date 인덱스를 모두 사용했기 때문에 key_len 이 7이다. 이유는 NOW() 쿼리가 모두 같은 값으로 사용됐기 때문이다.

반면 **두 번째 쿼리는 emp_no 만 사용됐기 때문에 key_len이 4이다. 쿼리가 실행될 때 마다 다른 값을 반환하기 때문에 인덱스를 탈 수가 없다.** 

가능하면 SYSDATE() 사용을 지양하거나 **sysdate-is-now** 시스템 변수를 넣어서 SYSDATE()를 NOW() 처럼 실행되게 바꾸자.

## 날짜 연산(DATE_FORMAT, STR_TO_DATE)

```sql
mysql> SELECT DATE_FORMAT(NOW(), '%Y-%m-%d') AS current_dt;
+------------+
| current_dt |
+------------+
| 2023-09-09 |
+------------+
1 row in set (0.01 sec)

mysql> SELECT STR_TO_DATE('2020-08-23', '%Y-%m-%d') AS current_dt;
+------------+
| current_dt |
+------------+
| 2020-08-23 |
+------------+
1 row in set (0.00 sec)
```

## 날짜 더하거나 빼기(DATE_ADD, DATE_SUB)

```sql
mysql> SELECT DATE_ADD(NOW(), INTERVAL 1 DAY) AS tomorrow;
+---------------------+
| tomorrow            |
+---------------------+
| 2023-09-10 10:34:18 |
+---------------------+
1 row in set (0.00 sec)

mysql> SELECT DATE_ADD(NOW(), INTERVAL -1 DAY) AS tomorrow;
+---------------------+
| tomorrow            |
+---------------------+
| 2023-09-08 10:34:24 |
+---------------------+
1 row in set (0.00 sec)
```

단위 **YEAR, MONTH, DAY, HOUR, MINUTE, SECOND, MICROSECOND, QUARTER, WEEK**

## 문자열 처리(RPAD, LPAD / RTRIM, LTRIM, TRIM)

사용법은 보면 안다.

```sql
mysql> SELECT RPAD('Cloee', 10, '*');
+------------------------+
| RPAD('Cloee', 10, '*') |
+------------------------+
| Cloee*****             |
+------------------------+
1 row in set (0.00 sec)

mysql> SELECT LPAD('Cloee', 10, '_');
+------------------------+
| LPAD('Cloee', 10, '_') |
+------------------------+
| _____Cloee             |
+------------------------+
1 row in set (0.01 sec)

mysql> SELECT RTRIM('Cloee       ') AS name;
+-------+
| name  |
+-------+
| Cloee |
+-------+
1 row in set (0.00 sec)

mysql> SELECT LTRIM('         Cloee') AS name;
+-------+
| name  |
+-------+
| Cloee |
+-------+
1 row in set (0.00 sec)

mysql> SELECT TRIM('         Cloee               ') AS name;
+-------+
| name  |
+-------+
| Cloee |
+-------+
1 row in set (0.00 sec)
```

## 문자열 결합(CONCAT, CONCAT_WS)

**CONCAT**은 문자열을 결합하고 **CONCAT_WS** 는 첫 번째 인자를 구분자로 사용하여 문자열을 연결해준다. 인자의 개수에는 제한이 없다.

```sql
mysql> SELECT CONCAT('Georgi', 'Christian') AS name;
+-----------------+
| name            |
+-----------------+
| GeorgiChristian |
+-----------------+
1 row in set (0.00 sec)

mysql> SELECT CONCAT_WS(',', 'Georgi', 'Christian') AS name;
+------------------+
| name             |
+------------------+
| Georgi,Christian |
+------------------+
1 row in set (0.00 sec)
```

## GROUP BY 문자열 결함(GROUP_CONCAT)

여러 레코드의 값을 병합해서 하나의 값으로 만들어내는 그룹 함수 중 하나이다. **GROUP_CONCAT** 함수는 먼저 값들을 정렬하고 연결하거나 각 값의 구분자 설정도 가능하다. 

```sql
mysql> SELECT GROUP_CONCAT(dept_no) FROM departments;
+----------------------------------------------+
| GROUP_CONCAT(dept_no)                        |
+----------------------------------------------+
| d009,d005,d002,d003,d001,d004,d006,d008,d007 |
+----------------------------------------------+
1 row in set (0.02 sec)

mysql>
mysql> SELECT GROUP_CONCAT(dept_no SEPARATOR '|') FROM departments;
+----------------------------------------------+
| GROUP_CONCAT(dept_no SEPARATOR '|')          |
+----------------------------------------------+
| d009|d005|d002|d003|d001|d004|d006|d008|d007 |
+----------------------------------------------+
1 row in set (0.00 sec)
```

`GROUP_CONCAT()` 함수는 지정한 칼럼의 값들을 연결하기 위해 **제한적인 메모리 버퍼 공간**을 사용한다. 기본 설정은 1KB로 JDBC로 실행할 경우, 에러로 취급된다. 

`group_concat_max_len` 시스템 변수로 조정할 수 있다.

**최대 5개 부서만 조회**

```sql
mysql> SELECT GROUP_CONCAT(dept_no ORDER BY dept_name DESC) FROM (SELECT *, RANK() OVER (ORDER BY dept_no) AS rnk FROM departments) as x WHERE rnk <= 5;
+-----------------------------------------------+
| GROUP_CONCAT(dept_no ORDER BY dept_name DESC) |
+-----------------------------------------------+
| d004,d001,d003,d002,d005                      |
+-----------------------------------------------+
1 row in set (0.00 sec)
```

## 값의 비교와 대체(CASE WHEN … THEN … END)

CASE WHEN은 프로그래밍 언어에서 제공하는 SWITCH 구문과 같은 역할을 한다. 간단한 예제를 살펴보자.  성별에 따라 그 값을 바꿔줬다.

```sql
mysql> SELECT emp_no, first_name, 
						CASE gender
							WHEN 'M' THEN 'Man' 
							WHEN 'F' THEN 'Woman' 
							ELSE 'Unknown' 
							END AS gender 
						FROM employees LIMIT 10;
+--------+------------+--------+
| emp_no | first_name | gender |
+--------+------------+--------+
|  10001 | Georgi     | Man    |
|  10002 | Bezalel    | Woman  |
|  10003 | Parto      | Man    |
|  10004 | Chirstian  | Man    |
|  10005 | Kyoichi    | Man    |
|  10006 | Anneke     | Woman  |
|  10007 | Tzvetan    | Woman  |
|  10008 | Saniya     | Man    |
|  10009 | Sumant     | Woman  |
|  10010 | Duangkaew  | Woman  |
+--------+------------+--------+
10 rows in set (0.00 sec)
```

다음 쿼리는 ‘d001’ 부서에서 소속된 적이 있느 모든 사원의 가장 최근 급여를 조회하는 쿼리이다. 

```sql
mysql > SELECT de.dept_no, e.first_name, e.gender, 
						(SELECT s.salary FROM salaries s WHERE s.emp_no=e.emp_no ORDER BY from_date DESC LIMIT 1) AS last_salary 
				FROM dept_emp de, employees e WHERE e.emp_no=de.emp_no AND de.dept_no='d001';
```

그런데 여기서 갑자기 조건이 바뀐다고 해보자. **남자면 이름만 필요**하고 **여자면 급여가 필요**하다고 해보자. 그러면 이 쿼리에서 남자는 급여 부분이 안나와야 하는데. 어떡해야 할까? 서브 쿼리를 **CASE WHEN** 으로 감싸면 된다.  이 쿼리로 실행하면 남자 사원의 수 만큼 서브쿼리의 실행 횟수를 줄일 수 있다. 

```sql
mysql> SELECT de.dept_no, e.first_name, e.gender, 
				CASE WHEN e.gender='F' THEN (SELECT s.salary FROM salaries s WHERE s.emp_no=e.emp_no ORDER BY from_date DESC LIMIT 1)
					ELSE 0 END AS last_salary
				FROM dept_emp de, employees e
				WHERE e.emp_no=de.emp_no AND de.dept_no='d001';
```

## 타입의 변환(CAST, CONVERT)

특수한 경우가 아니라면 일반적으로 SQL문은 문자열로 취급된다. 이 문자열의 타입을 변환하고 싶다면 `CASE()` 함수를 이용하면 된다. 변환할 수 있는 데이터 타입은

- **DATE**
- **TIME**
- **DATETIME**
- **BINARY**
- **CHAR**
- **DECIMAL**
- **SIGNED INTEGER**
- **UNSIGNED INTEGER**

**첫 번째 인자**에는 **바꿀 값**과 **두 번째 인자**에는 **바꿀 타입**을 명시한다. 가운데에는 **AS**를 넣어줘야 한다.

```sql
mysql> SELECT CAST('1234' AS SIGNED INTEGER);
mysql> SELECT CAST('2000-01-01' AS DATE);
```

`CONVERT()` 의 사용 방법도 비슷하다. 차이는 타입 변환과 문자열의 문자 집합을 변환할 수 있다는 것이다. 

```sql
mysql> SELECT CONVERT(1-2, UNSIGNED);
+------------------------+
| CONVERT(1-2, UNSIGNED) |
+------------------------+
|   18446744073709551615 |
+------------------------+
1 row in set (0.00 sec)

mysql> SELECT CONVERT('ABC' USING 'utf8mb4');
+--------------------------------+
| CONVERT('ABC' USING 'utf8mb4') |
+--------------------------------+
| ABC                            |
+--------------------------------+
1 row in set (0.00 sec)
```

## JSON

### JSON_PRETTY

MySQL에서 JSON 데이터의 기본적인 표시 방법은 단순 텍스트 포맷이다. 

```sql
mysql> SELECT doc FROM employee_docs WHERE emp_no=10005;
+-------------------------------------------------------------------------------------------------------------------------------------------------------------------------------------------------------------------------------------------------------------------------------------------------------+
| doc
                                                                                             |
+-------------------------------------------------------------------------------------------------------------------------------------------------------------------------------------------------------------------------------------------------------------------------------------------------------+
| {"emp_no": 10005, "gender": "M", "salaries": [{"salary": 91453, "to_date": "2001-09-09", "from_date": "2000-09-09"}, {"salary": 94692, "to_date": "9999-01-01", "from_date": "2001-09-09"}], "hire_date": "1989-09-12", "last_name": "Maliniak", "birth_date": "1955-01-21", "first_name": "Kyoichi"} |
+-------------------------------------------------------------------------------------------------------------------------------------------------------------------------------------------------------------------------------------------------------------------------------------------------------+
1 row in set (0.03 sec)
```

이를 보기 좋게 하기 위해 `JSON_PRETTY` 함수를 제공해준다.

```sql
mysql> SELECT JSON_PRETTY(doc) FROM employee_docs WHERE emp_no=10005;
+-----------------------------------------------------------------------------------------------------------------------------------------------------------------------------------------------------------------------------------------------------------------------------------------------------------------------------------------------------------------------------------+
| JSON_PRETTY(doc)
                                                                                                                                                                         |
+-----------------------------------------------------------------------------------------------------------------------------------------------------------------------------------------------------------------------------------------------------------------------------------------------------------------------------------------------------------------------------------+
| {
  "emp_no": 10005,
  "gender": "M",
  "salaries": [
    {
      "salary": 91453,
      "to_date": "2001-09-09",
      "from_date": "2000-09-09"
    },
    {
      "salary": 94692,
      "to_date": "9999-01-01",
      "from_date": "2001-09-09"
    }
  ],
  "hire_date": "1989-09-12",
  "last_name": "Maliniak",
  "birth_date": "1955-01-21",
  "first_name": "Kyoichi"
} |
+-----------------------------------------------------------------------------------------------------------------------------------------------------------------------------------------------------------------------------------------------------------------------------------------------------------------------------------------------------------------------------------+
1 row in set (0.01 sec)
```

### JSON 필드 크기(JSON_STORAGE_SIZE)

MySQL 에서는 JSON 데이터를 실제 디스크에 저장할 때, BSON(Binary JSON) 포맷을 사용하여 저장한다. 하지만 실제로 저장되는 용량을 예측하기 어렵다. JSON_STORAGE_SIZE은 실제로 저장되는 데이터의 용량을 확인할 수 있는데. 단위는 Byte이다. 

```sql
mysql> SELECT emp_no, JSON_STORAGE_SIZE(doc) FROM employee_docs LIMIT 2;
+--------+------------------------+
| emp_no | JSON_STORAGE_SIZE(doc) |
+--------+------------------------+
|  10001 |                    611 |
|  10002 |                    383 |
+--------+------------------------+
2 rows in set (0.00 sec)
```

### JSON 값 가져오기(JSON_EXTRACT)

JSON 도큐먼트에서 특정 필드 값을 가져오는 방법이다. JSON_EXTRACT과 → or →> 모두 사용이 가능하다.

```sql
mysql> SELECT emp_no, JSON_EXTRACT(doc, "$.salaries[0].salary") FROM employee_docs LIMIT 2;
+--------+-------------------------------------------+
| emp_no | JSON_EXTRACT(doc, "$.salaries[0].salary") |
+--------+-------------------------------------------+
|  10001 | 75994                                     |
|  10002 | 69366                                     |
+--------+-------------------------------------------+
2 rows in set (0.00 sec)

mysql> SELECT emp_no, doc->'$.salaries[0].salary' FROM employee_docs LIMIT 2;
+--------+-----------------------------+
| emp_no | doc->'$.salaries[0].salary' |
+--------+-----------------------------+
|  10001 | 75994                       |
|  10002 | 69366                       |
+--------+-----------------------------+
2 rows in set (0.00 sec)
```

### JSON  포함 여부 확인(JSON_CONTAINS)

JSON 도큐먼트 또는 JSON 경로에 JSON 필드를 가지고 있는지 확인하는 함수다.

```sql
mysql> SELECT emp_no FROM employee_docs WHERE JSON_CONTAINS(doc, '{"first_name":"Georgi"}');
+--------+
| emp_no |
+--------+
|  10001 |
+--------+
1 row in set (0.00 sec)

mysql> SELECT emp_no FROM employee_docs WHERE JSON_CONTAINS(doc, '"Georgi"', '$.first_name');
+--------+
| emp_no |
+--------+
|  10001 |
+--------+
1 row in set (0.00 sec)
```

첫 번째는 찾을 칼럼이나 JSON 도큐먼트를 지정하고 찾을 JSON 오브젝트를 명시한다. 

두 번째는 나머지는 동일하나 마지막에는 JSON 경로를 명시한다. 

### JSON 오브잭트 생성(JSON_OBJECT)

```sql
mysql> SELECT JSON_OBJECT("empNO", emp_no, "salary", salary, "fromDate", from_date, "toDate", to_date) AS as_json FROM salaries LIMIT 3;
+-------------------------------------------------------------------------------------+
| as_json                                                                             |
+-------------------------------------------------------------------------------------+
| {"empNO": 10001, "salary": 60117, "toDate": "1987-06-26", "fromDate": "1986-06-26"} |
| {"empNO": 10001, "salary": 62102, "toDate": "1988-06-25", "fromDate": "1987-06-26"} |
| {"empNO": 10001, "salary": 66074, "toDate": "1989-06-25", "fromDate": "1988-06-25"} |
+-------------------------------------------------------------------------------------+
3 rows in set (0.00 sec)
```

### JSON 칼럼으로 집계(JSON_OBJECTAGG & JSON_ARRAYAGG)

**JSON_OBJECTAGG**

GROUP BY 절과 함께 사용되는 집계 함수이다. 첫 번째 인자는 Key로, 두 번재 인자는 Value로 사용된다.

```sql
mysql> SELECT dept_no, JSON_OBJECTAGG(emp_no, from_date) AS agg_manager FROM dept_manager WHERE dept_no IN ('d001', 'd002', 'd003') GROUP BY dept_no;
+---------+--------------------------------------------------+
| dept_no | agg_manager                                      |
+---------+--------------------------------------------------+
| d001    | {"110022": "1985-01-01", "110039": "1991-10-01"} |
| d002    | {"110085": "1985-01-01", "110114": "1989-12-17"} |
| d003    | {"110183": "1985-01-01", "110228": "1992-03-21"} |
+---------+--------------------------------------------------+
3 rows in set (0.01 sec)
```

**JSON_ARRAYAGG**

하나의 인자만을 받고 인자를 배열로 만들어준다.

```sql
mysql> SELECT dept_no, JSON_ARRAYAGG(emp_no) AS agg_manager FROM dept_manager WHERE dept_no IN ('d001', 'd002', 'd003') GROUP BY dept_no;
+---------+------------------+
| dept_no | agg_manager      |
+---------+------------------+
| d001    | [110022, 110039] |
| d002    | [110085, 110114] |
| d003    | [110183, 110228] |
+---------+------------------+
3 rows in set (0.00 sec)
```